,HR,HR,HR,HR,RMSSD,RMSSD,RMSSD,RMSSD,LF_HF,LF_HF,LF_HF,LF_HF,sampen,sampen,sampen,sampen
,mean,std,min,max,mean,std,min,max,mean,std,min,max,mean,std,min,max
condition,,,,,,,,,,,,,,,,
interruption,72.50402911306307,8.598980947288506,51.36312644874499,104.9440701820799,16.277220699032025,4.760149215215115,8.278081033265847,26.62947662745885,98.04846546006432,165.58188486174132,2.943079428915726,1200.687613015035,2.1165552561232084,0.11614482032365375,1.465598478672607,2.234841240774124
no stress,76.40137011842896,9.372884594647735,50.97523836464089,104.9440083529614,14.256044595201086,3.818714114834444,5.529742165800327,24.55139354502424,62.64852297114271,114.91059930276538,2.319952002367002,1199.542950628398,2.068220165956222,0.16145736056160315,1.441465346503598,2.232383849518146
time pressure,67.44122233470212,7.948468051659047,48.7369858845792,104.9447478354064,15.26225067886635,3.1035987704785897,8.22395385725141,22.92047814149112,108.97981849463078,150.46064366558153,4.739130310543842,1200.165999701011,2.0816348682419905,0.13374974152012625,1.547600668216592,2.233495569147471
